Commit,Status,Time(seconds),Notes,Command
https://github.com/nosan/embedded-cassandra/commit/dcc5818d80489d3ebc2ed4265d673bc05af08551,S,3970.38 / 4122.90,https://khaes-kth.github.io/PatchExplainer/rq3_commit_analysis/embedded-cassandra_dcc5818d80489d3ebc2ed4265d673bc05af08551_1.html,python3 scripts/bribe-sahab.py --execution-depth=1 -p /home/aman/testrepos/embedded-cassandra/ -c src/main/java/com/github/nosan/embedded/cassandra/WebCassandraDirectoryProvider.java -l 514fbbb -r dcc5818d80489d3ebc2ed4265d673bc05af08551 -t com.github.nosan.embedded.cassandra.WebCassandraDirectoryProviderTests
https://github.com/codingapi/springboot-framework/commit/70b0d1215c5c7a6f4bbd9d2eaed91a4b9b32311c,S,213.67 / 285.88,https://khaes-kth.github.io/PatchExplainer/rq3_commit_analysis/springboot-framework_70b0d1215c5c7a6f4bbd9d2eaed91a4b9b32311c_3.html,python3 scripts/bribe-sahab.py -p /home/aman/testrepos/springboot-framework/ -t com.sankuai.inf.leaf.IDGenTest -c springboot-starter-leaf/src/test/java/com/sankuai/inf/leaf/IDGenTest.java -l  954344f -r 70b0d1215c5c7a6f4bbd9d2eaed91a4b9b32311c --execution-depth=3
https://github.com/Captain-P-Goldfish/SCIM-SDK/commit/2f42d230617c4ddd488ed8afca06b4878428c3de,TC,,,
https://github.com/Captain-P-Goldfish/SCIM-SDK/commit/42e23533acd591dd78be125f9628ccc0a1bd5950,TC,,,
https://github.com/pitest/pitclipse/commit/c67395c744017870766d167e9033dde3c950e6b0,TC,,,
https://github.com/pitest/pitclipse/commit/b4dd65d6954c612b5d9f8fea35cef9a1900daaad,TC,,,
https://github.com/pitest/pitclipse/commit/a4e38fdc10269d2195eac1f2e98138c10ff6988a,TC,,,
https://github.com/pitest/pitclipse/commit/303e6619a52a7c26830c2f044fa391b8ff562a69,TC,,,
https://github.com/pitest/pitclipse/commit/b67835d56701d15453217f472d06ac2e41eca4ac,TC,,,
https://github.com/pitest/pitclipse/commit/478c29832728996fc01722bdc5a20b46ac7cdbd7,TC,,,
https://github.com/pitest/pitclipse/commit/4408201a66af2dcb23b1dfdaafe1c238519de811,TC,,,
https://github.com/pitest/pitclipse/commit/beb2bb92799c73f44fc19649332c55ef0115cd35,TC,,,
https://github.com/pitest/pitclipse/commit/b7122baf767d3b7bbf2efbc2fc44c7e53bcefdb4,TC,,,
https://github.com/pitest/pitclipse/commit/d311a2c1a9dfc226ee5c177cbb7e3d17f41a8ebd,TC,,,
https://github.com/pitest/pitclipse/commit/fe503107d74d79432aef7e53902aa3f988941b86,TC,,,
https://github.com/pitest/pitclipse/commit/29409ba00b598eb90d47b06eabe759b3260c9bed,TC,,,
https://github.com/pitest/pitclipse/commit/a004770598e4c6fdb2b17e34b5139ffdba127295,TC,,,
https://github.com/pitest/pitclipse/commit/f0bcc106259dc3e81c33be801bd131a11aae8058,TC,,,
https://github.com/pitest/pitclipse/commit/7aafe5ff5ff31be4aba902ca3c6b7706a64df63a,TC,,,
https://github.com/pitest/pitclipse/commit/4e9a9e8ecd0580c348ea588b54fccb1c04be0c3c,TC,,,
https://github.com/dockstore/dockstore/commit/e1de82dc32e6ce84a7d66ed924e4773e8c22eaf9,CF,,test exists https://app.codecov.io/gh/dockstore/dockstore/blob/develop/dockstore-webservice/src/main/java/io/dockstore/webservice/resources/DockerRepoResource.java,
https://github.com/dockstore/dockstore/commit/664733139272508c62824598430d032acde33c38,CF,,test exists https://app.codecov.io/gh/dockstore/dockstore/blob/develop/dockstore-webservice/src/main/java/io/dockstore/webservice/helpers/EntryVersionHelper.java,
https://github.com/wso2/carbon-apimgt/commit/c4f939eb24afc43e6733cebfa2682adf907aba50,M,,,
https://github.com/wso2/carbon-apimgt/commit/128017cad949fef0a37ba6801c90d3d4bd0e6bcf,UP,,,
https://github.com/wso2/carbon-apimgt/commit/16d0847c54196c6d6e27128ef5587a7e43f6fcc8,UP,,,
https://github.com/wso2/carbon-apimgt/commit/c2e40507ff6e916fe2e09f388ce8c04d5c343610,M,,,
https://github.com/wso2/carbon-apimgt/commit/3fbb1c779a334b6224881544ec4d2021a5b797f8,UP,,,
https://github.com/wso2/carbon-apimgt/commit/f5f3b0476a0abd86bdc969a2963efb84aef1da7d,M,,,
https://github.com/wso2/carbon-apimgt/commit/7781afcce1858a91d2842a5e27cf628ff7358876,UP,,,
https://github.com/wso2/carbon-apimgt/commit/83974547bba470cdb0105d54fe14ad48328700ad,UP,,,
https://github.com/wso2/carbon-apimgt/commit/f5fbeb96184a12bc7f8a091a15637c8a63b6cb18,M,,,
https://github.com/wso2/carbon-apimgt/commit/4eaab4818a047e145fd9c483d9bec90cbe622abf,UP,,,
https://github.com/wso2/carbon-apimgt/commit/4fd61228e8090efa30b233bde19877fddedb9e5c,UP,,,
https://github.com/wso2/carbon-apimgt/commit/693390039078f290cd285fc3f530fede9c4764c4,UP,,,
https://github.com/wso2/carbon-apimgt/commit/68fb5445cc633c0ad13a275bf6c64ce24d7c7504,UP,,,
https://github.com/wso2/carbon-apimgt/commit/7503208efce9e2f0684773636d0a96d6c0379202,M,,,
https://github.com/wso2/carbon-apimgt/commit/91666d5523c5a5535f16c73509de4b0f3373ce50,UP,,,
https://github.com/wso2/carbon-apimgt/commit/a1e605001794d468a789a3073d7a6a0822197742,UP,,,
https://github.com/wso2/carbon-apimgt/commit/1f0512595313b35f99735f42a33c414d2ad1055a,UP,,,
https://github.com/wso2/carbon-apimgt/commit/dac1d33e4f4693528a91fd61d85de6834fd4bd3f,UP,,,
https://github.com/wso2/carbon-apimgt/commit/5c808d582e35b35640e83a80a2bf3609981ddcc6,M,,,
https://github.com/wso2/carbon-apimgt/commit/141a6752a3064a4a76d6d67547ba674897d1e253,UP,,,
https://github.com/wso2/carbon-apimgt/commit/e27aae5b324cc5319cbc5070dd2920888613e06d,UP,,,
https://github.com/lf-lang/lingua-franca/commit/db5fc12dcc5f258874121892ba95de9cb9133f53,TC,,,
https://github.com/lf-lang/lingua-franca/commit/707fa295f586dc9ab7ce94f167e205440936b023,TC,,,
https://github.com/lf-lang/lingua-franca/commit/1b5eecda1079630e1574146cc6802c61ceade804,TC,,,
https://github.com/lf-lang/lingua-franca/commit/43ba73224d135f61ec4f59321fbc3559858a7da9,TC,,,
https://github.com/lf-lang/lingua-franca/commit/f9feb33f74e5b204fc2f00635319c0c677fb7537,TC,,,
https://github.com/lf-lang/lingua-franca/commit/bc7a891505d0259397abaebeea030025828b9cc5,TC,,,
https://github.com/lf-lang/lingua-franca/commit/171585608fc1033e75b782793a4085854029aa6e,TC,,,
https://github.com/lf-lang/lingua-franca/commit/b898ffe9108e10a321b7fde8e85103fd4dade1f8,TC,,,
https://github.com/lf-lang/lingua-franca/commit/1031f0158694ef0313f9a0885dd63328706e815a,TC,,,
https://github.com/wso2/micro-integrator/commit/bc2064b5ed2625a7530f499ba15e5c0aeecb4c34,M,,,
https://github.com/wso2/micro-integrator/commit/496175ea1bbdb4b7e67edd1305c01f29b153e31c,TC,,,
https://github.com/jhipster/jhipster-lite/commit/88c0a538b8ef197262ce1e1dbe4fbe34da9a4fb5,M,,,
https://github.com/jhipster/jhipster-lite/commit/e2fc61f9e25d8a4f29d933d83c3beef73c8d9882,S,,https://khaes-kth.github.io/PatchExplainer/rq3_commit_analysis/jhipster-lite_e2fc61f9e25d8a4f29d933d83c3beef73c8d9882_3.html,
https://github.com/jhipster/jhipster-lite/commit/3c816aa63610e2d087e97f20d4bc1b50320e4202,M,,,
https://github.com/jhipster/jhipster-lite/commit/f5b592a4d78f52cf9a05f845e8b87bba765cd1a7,S,,https://khaes-kth.github.io/PatchExplainer/rq3_commit_analysis/jhipster-lite_f5b592a4d78f52cf9a05f845e8b87bba765cd1a7_3.html,
https://github.com/jhipster/jhipster-lite/commit/1cf38269a37d777d59ba5c986ee240fe184345ac,M,,,
https://github.com/jhipster/jhipster-lite/commit/9162791602af9828e43aa20f3987687ee1698f7b,S,,https://khaes-kth.github.io/PatchExplainer/rq3_commit_analysis/jhipster-lite_9162791602af9828e43aa20f3987687ee1698f7b_3.html,
https://github.com/jhipster/jhipster-lite/commit/ca817ac1ce8f2e98b5da4d0a696be2db704e21d6,M,,,
https://github.com/jhipster/jhipster-lite/commit/510a9752cccdc1f87dd97a658219759237bdc31e,S,,https://khaes-kth.github.io/PatchExplainer/rq3_commit_analysis/jhipster-lite_510a9752cccdc1f87dd97a658219759237bdc31e_3.html,
https://github.com/jhipster/jhipster-lite/commit/e731a8d7ebe2c5163201e810bf8259967a5a76ff,M,,,
https://github.com/jhipster/jhipster-lite/commit/2b3879966bb1a7a54e8fa90a207e81f37fd1332f,S,,https://khaes-kth.github.io/PatchExplainer/rq3_commit_analysis/jhipster-lite_2b3879966bb1a7a54e8fa90a207e81f37fd1332f_3/1.html https://khaes-kth.github.io/PatchExplainer/rq3_commit_analysis/jhipster-lite_2b3879966bb1a7a54e8fa90a207e81f37fd1332f_3/2.html,
https://github.com/jhipster/jhipster-lite/commit/0d000bcede811fe3ba3a2805bd30161e1fc0505d,M,,,
https://github.com/jhipster/jhipster-lite/commit/69a7d5a71870b5a1db1f4fbaaaa434162ed4e35e,S,,https://khaes-kth.github.io/PatchExplainer/rq3_commit_analysis/jhipster-lite_69a7d5a71870b5a1db1f4fbaaaa434162ed4e35e_3.html,
https://github.com/jhipster/jhipster-lite/commit/d5c2400835d54b2da50d625f569158aab59f9d68,M,,(merge commit),
https://github.com/jhipster/jhipster-lite/commit/5d2a6b8727009155741363602db245fb0822b955,S,,https://khaes-kth.github.io/PatchExplainer/rq3_commit_analysis/jhipster-lite_5d2a6b8727009155741363602db245fb0822b955_3.html,
https://github.com/JMRI/JMRI/commit/aabada3dff14f1933c9449801daec49628e9abb7,SD,46.92 / 193.75,https://khaes-kth.github.io/PatchExplainer/rq3_commit_analysis/JMRI_aabada3dff14f1933c9449801daec49628e9abb7_3_no_diff.html,python3 scripts/bribe-sahab.py -p /home/aman/testrepos/JMRI/ -t jmri.BeanSettingTest -c java/test/jmri/BeanSettingTest.java -l  ffc2aac -r aabada3dff14f1933c9449801daec49628e9abb7 --execution-depth=3
https://github.com/JMRI/JMRI/commit/d21837e89e76e733333646f7dc02746803164aad,S,235.34 / 383.12,https://khaes-kth.github.io/PatchExplainer/rq3_commit_analysis/JMRI_d21837e89e76e733333646f7dc02746803164aad_3_random.html,python3 scripts/bribe-sahab.py -p /home/aman/testrepos/JMRI/ -t jmri.util.zeroconf.ZeroConfServiceEventTest -c java/test/jmri/util/zeroconf/ZeroConfServiceEventTest.java -l bdc21d3 -r d21837e89e76e733333646f7dc02746803164aad --execution-depth=3
https://github.com/JMRI/JMRI/commit/c1da4cc66b0b13411ac9c72fbcc97fc2aebed9d6,TC,,Compilation failed on left commit,java -jar main/target/collector-sahab-0.5.1-SNAPSHOT-jar-with-dependencies.jar -p /home/aman/testrepos/JMRI/ -c java/test/jmri/RunCucumberIT.java --selected-tests jmri.RunCucumberIT -l e759975 -r c1da4cc --execution-depth=3 --slug JMRI/JMRI  --cleanup
https://github.com/JMRI/JMRI/commit/3e2427222f6e6822972d54c5a472d493733a01e3,S,41.27 / 211.27,https://khaes-kth.github.io/PatchExplainer/rq3_commit_analysis/JMRI_3e2427222f6e6822972d54c5a472d493733a01e3_3_random.html,python3 scripts/bribe-sahab.py -p /home/aman/testrepos/JMRI/ -t jmri.util.iharder.dnd.FileDropEventTest -c java/test/jmri/util/iharder/dnd/FileDropEventTest.java -l 01930c1 -r 3e2427222f6e6822972d54c5a472d493733a01e3 --execution-depth=3
https://github.com/JMRI/JMRI/commit/396d21471c5d6093fe35f505c0ccf31bbaf38105,NUJ,,,
https://github.com/JMRI/JMRI/commit/bf4ee2d979835b074f5a361f43a755b02751d077,SMC,,,
https://github.com/JMRI/JMRI/commit/57192cde106d4e5a64eb2200cb1b36d65b9af263,OM,,,
https://github.com/JMRI/JMRI/commit/0b53ea83694edd52d5a3c15b375e1fe009293007,S,187.24 / 389.48,https://khaes-kth.github.io/PatchExplainer/rq3_commit_analysis/JMRI_0b53ea83694edd52d5a3c15b375e1fe009293007_3_random.html,python3 scripts/bribe-sahab.py -p /home/aman/testrepos/JMRI/ -c java/test/jmri/server/json/signalhead/JsonSignalHeadHttpServiceTest.java -t jmri.server.json.signalhead.JsonSignalHeadHttpServiceTest -l 554142d -r 0b53ea83694edd52d5a3c15b375e1fe009293007 --execution-depth=3
https://github.com/JMRI/JMRI/commit/554142d9984c0ccf0f586cb477eafad71057b71f,SD,,https://khaes-kth.github.io/PatchExplainer/rq3_commit_analysis/JMRI_554142d9984c0ccf0f586cb477eafad71057b71f_3_no_diff.html,
https://github.com/JMRI/JMRI/commit/4a30042d4f720399bab2e84b549ef4c11e85121c,S,25.11 / 199.46,https://khaes-kth.github.io/PatchExplainer/rq3_commit_analysis/JMRI_4a30042d4f720399bab2e84b549ef4c11e85121c_3.html,python3 scripts/bribe-sahab.py -p /home/aman/testrepos/JMRI/ -t jmri.util.table.BundleTest -c java/test/jmri/util/table/BundleTest.java -l 9a3ecb5 -r 4a30042d4f720399bab2e84b549ef4c11e85121c --execution-depth=3
https://github.com/JMRI/JMRI/commit/512b8d250cdd9da14dad9972e986667da41a72fe,SD,,https://khaes-kth.github.io/PatchExplainer/rq3_commit_analysis/JMRI_512b8d250cdd9da14dad9972e986667da41a72fe_3.html (no diff),
https://github.com/JMRI/JMRI/commit/c5dc784b7a822f0227b4b193ef46a04100798af1,SD,,https://khaes-kth.github.io/PatchExplainer/rq3_commit_analysis/JMRI_c5dc784b7a822f0227b4b193ef46a04100798af1_3.html (no diff),
https://github.com/JMRI/JMRI/commit/bf170e33e8af4ba9ab35c1ff608e5f897cc31072,SD,,https://khaes-kth.github.io/PatchExplainer/rq3_commit_analysis/JMRI_bf170e33e8af4ba9ab35c1ff608e5f897cc31072_3.html (no diff),
https://github.com/JMRI/JMRI/commit/bcd7948bbb1d55843984cce887ab95314dc29914,SD,,https://khaes-kth.github.io/PatchExplainer/rq3_commit_analysis/JMRI_bcd7948bbb1d55843984cce887ab95314dc29914_3.html (no diff),
https://github.com/JMRI/JMRI/commit/82f2cd125c52d9c97f1a9bc32d17b01a769f5258,CF,,(could not find test but it is covered: https://coveralls.io/builds/40579270/source?filename=java%2Fsrc%2Fjmri%2Fjmrit%2Foperations%2Frollingstock%2Fcars%2FCarsTableModel.java#L128),
https://github.com/JMRI/JMRI/commit/c69d1dbe70909db13a621a4a0a780d7d35353273,SD,,https://khaes-kth.github.io/PatchExplainer/rq3_commit_analysis/JMRI_c69d1dbe70909db13a621a4a0a780d7d35353273_3.html,
https://github.com/JMRI/JMRI/commit/5ee6914def1588a04a1473b53881c3eb35cd53e5,CF,,,
https://github.com/JMRI/JMRI/commit/571da75f68c361ff28b4f24a043a1c5ebcb9e300,SMC,,,
https://github.com/JMRI/JMRI/commit/b00da34bb25a2b31a96c6e476e4a437d24f513de,M,,(merge commit),
https://github.com/JMRI/JMRI/commit/d7c66f67a788a3e619819bdaa26fd950a7a0bd7f,NUJ,,abstract test class are not discovered,
https://github.com/JMRI/JMRI/commit/37eca0a7f977b6910ac16f9ecaedb4d9f0a80be9,SD,,https://khaes-kth.github.io/PatchExplainer/rq3_commit_analysis/JMRI_37eca0a7f977b6910ac16f9ecaedb4d9f0a80be9_3.html (no diff),
https://github.com/JMRI/JMRI/commit/90ce3faf926392bd595a6f6e9e48dc955c59813e,UP,,,
https://github.com/JMRI/JMRI/commit/ebc39b0b7c2a2a7f5d542096bd9eb7075ce94da7,M,,(merge commit),
https://github.com/JMRI/JMRI/commit/97fe31911e76d7f72b9e168319c502cf8ac9779a,M,,(merge commit),
https://github.com/JMRI/JMRI/commit/874025329e7068e9a290512034de1943e4802f95,UP,,(breakpoints or method exists were not encountered on all tests using IntelliJ),
https://github.com/b2ihealthcare/snow-owl/commit/05fa3e8400d56efb1a896e88f8de808b0e364c2c,TC,,,
https://github.com/b2ihealthcare/snow-owl/commit/11032226e831231c630f9408cf88e513f4f6da59,TC,,,
https://github.com/b2ihealthcare/snow-owl/commit/f32391a7930dff078d5866bdab45a299577583c8,TC,,,
https://github.com/b2ihealthcare/snow-owl/commit/9165d40b1aa39604fbca23b9e23aa4a1c85f8602,TC,,,
https://github.com/b2ihealthcare/snow-owl/commit/83a26334c98b39a496580cb21ca4f96123fd0d09,TC,,,
https://github.com/b2ihealthcare/snow-owl/commit/584a5f4bfad4b5a31ca1fb327113707158369e3f,TC,,,
https://github.com/microsoft/azure-maven-plugins/commit/6ad1fe2a0adc40c0c69e53538c66d3b3317c383e,UP,,,
https://github.com/microsoft/azure-maven-plugins/commit/fff9ad4eebff218939f616ce0292184525868df0,UP,,(patch not covered according to clover and intelliJ),
https://github.com/microsoft/azure-maven-plugins/commit/3dca90b2af209f504bcc185b40279b35da62df06,UP,,(patch not covered according to clover and Intellij),
https://github.com/microsoft/azure-maven-plugins/commit/d27f835111379f3653cf1fc992e6394b6025a75a,UP,,,
https://github.com/microsoft/azure-maven-plugins/commit/a3cbfd0e5f87457a49dd9c9b6c34f5e9f7e082d6,M,,(merge commit),
https://github.com/microsoft/azure-maven-plugins/commit/80d0bd376c0bc3b2cbdeb8075e0e26a7a269c104,UP,,(patch not covered according to clover and Intellij),
https://github.com/microsoft/azure-maven-plugins/commit/d85f0ffcd3ff891fc4b56c994f01adc2433c4335,UP,,(patch not covered according to clover),
https://github.com/microsoft/azure-maven-plugins/commit/7ea0ee2e583c433a7228948eb2fd4083b3c468e3,UP,,(patch not covered according to clover),
https://github.com/microsoft/azure-maven-plugins/commit/51dc2aa656d884144904ec4edb91f428c1dcebfe,M,,(merge commit),
https://github.com/microsoft/azure-maven-plugins/commit/a5115bc932bc0e2c17f22137af7db7419777993f,UP,,(patch not covered according to clover),
https://github.com/microsoft/azure-maven-plugins/commit/131edca388b55acb75da46372de696e56c80587e,UP,,(file not included in clover report),
https://github.com/microsoft/azure-maven-plugins/commit/f9461cf8c7b9d8395af920d548d8ddb5e44ba980,UP,,(patch not covered according to clover),
https://github.com/spotify/styx/commit/e3c79cd959b5bb11b5445173a6f8c177dc781815,TC,,(fatal error compiling. requires changing pom),
https://github.com/smart-cloud/smart-cloud/commit/c402ff1212526908d691f19b638cbc071fd6619b,TC,,(mvn test-compile fails),
https://github.com/mariadb-corporation/mariadb-connector-j/commit/e60dd939f9e82f8f457383a791112cfc6f91ec05,TC,,(connection refused to some database) (could not find test by running all tests. test exist - https://app.codecov.io/gh/smart-cloud/smart-cloud/commit/c402ff1212526908d691f19b638cbc071fd6619b/smart-cloud-starter/smart-cloud-starter-redis/src/main/java/io/github/smart/cloud/starter/redis/intercept/AbstractRedisInterceptor.java),
https://github.com/mariadb-corporation/mariadb-connector-j/commit/745ba2b7616d4058e8440107fd5f43643f9bed64,TC,,(could not find test by running all tests. test exist - https://app.codecov.io/gh/mariadb-corporation/mariadb-connector-j/commit/745ba2b7616d4058e8440107fd5f43643f9bed64/src/main/java/org/mariadb/jdbc/client/impl/MultiPrimaryClient.java),
https://github.com/mariadb-corporation/mariadb-connector-j/commit/e697ef35a25c3222e61fc0c4bc6855f81a9f7039,TC,,(could not find test by running all tests. https://app.codecov.io/gh/mariadb-corporation/mariadb-connector-j/blob/develop/src/main/java/org/mariadb/jdbc/client/result/Result.java),
https://github.com/mariadb-corporation/mariadb-connector-j/commit/921debb040386a8236bad829765838f68252cd8e,TC,,(could not find test by running all tests. https://app.codecov.io/gh/mariadb-corporation/mariadb-connector-j/commit/921debb040386a8236bad829765838f68252cd8e/src/main/java/org/mariadb/jdbc/client/context/BaseContext.java),
https://github.com/cdk/cdk/commit/105bc52cc76f01ce935a0eaf531a429e45a6bfeb,S,,https://khaes-kth.github.io/PatchExplainer/rq3_commit_analysis/cdk_105bc52cc76f01ce935a0eaf531a429e45a6bfeb_3.html,
https://github.com/cdk/cdk/commit/f96d88ca896b4641d9978db6546c874f7dcdf970,SD,,https://khaes-kth.github.io/PatchExplainer/rq3_commit_analysis/cdk_f96d88ca896b4641d9978db6546c874f7dcdf970_3.html,
https://github.com/cdk/cdk/commit/d500be0677e151987be97d83a77054c91feebbe6,S,,https://khaes-kth.github.io/PatchExplainer/rq3_commit_analysis/cdk_d500be0677e151987be97d83a77054c91feebbe6_3_seems_wrong.html,
https://github.com/cdk/cdk/commit/c281d1413bcb54757a4c0bf0908fd70d9fa2b2a2,SW,,,
https://github.com/cdk/cdk/commit/fecac8e6431375bf8639b64cae442f8f1a650ee2,UP,,clover says so,
https://github.com/cdk/cdk/commit/0638de556a7e69493a24bf5f68771debecb8c90d,UP,,clover says so,
https://github.com/cdk/cdk/commit/04eeaef85ee87462d05600e84e85bb0dd3d81d2d,UP,,,
https://github.com/cdk/cdk/commit/400d4e90de9bccf038e87024ef37ca7207eb5e2b,SD,,,
https://github.com/cdk/cdk/commit/8469dd2f3f8d0361b4f3f05a6da9ad3098f41a87,S,,,
https://github.com/infinitest/infinitest/commit/120a07b39ae14750f3b1041dd79ec07d673ceda1,TC,,,
https://github.com/infinitest/infinitest/commit/a2347da9d479ade98ae37dcf8c141d2a67e6c446,SD,,,
https://github.com/CorfuDB/CorfuDB/commit/dd36f73df50f3cc21e0e79202a801060da83d416,TC,,(could not build classpath clover could not run it as well. https://app.codacy.com/gh/CorfuDB/CorfuDB/file/76380925588/coverage?bid=15584136&fileBranchId=15584136 but it is covered),
https://github.com/CorfuDB/CorfuDB/commit/239a56e5279a329db0007edd1710b863245c0b47,TC,,(clover could run test. IntelliJ does not index but it is covered),
https://github.com/DSpace/DSpace/commit/897d9b7d988070473200331c5f0b287f767e44f9,M,,(patch not covered. confirmed: https://app.codecov.io/gh/DSpace/DSpace/commit/897d9b7d988070473200331c5f0b287f767e44f9/dspace-api/src/main/java/org/dspace/discovery/SolrSearchCore.java),
https://github.com/schemacrawler/SchemaCrawler/commit/07c73685700ce71e78719b7c2249dfb578bd4b84,S,253.14 / 336.86,https://khaes-kth.github.io/PatchExplainer/rq3_commit_analysis/SchemaCrawler_07c73685700ce71e78719b7c2249dfb578bd4b84_3.html,python3 scripts/bribe-sahab.py -p /home/aman/testrepos/SchemaCrawler/ -c schemacrawler-utility/src/main/java/us/fatehi/utility/datasource/DataSourceConnectionSource.java -l  4c5e9a8  -r 07c73685700ce71e78719b7c2249dfb578bd4b84 -t schemacrawler.test.commandline.command.LoadedShellCommandsTest --execution-depth=3
https://github.com/schemacrawler/SchemaCrawler/commit/55a55ded25e40ff5eb728683399f865297c96328,S,,,
https://github.com/schemacrawler/SchemaCrawler/commit/451a5a5a60c76acb7303ffa734c0fedc6ad7de19,S,,,
https://github.com/schemacrawler/SchemaCrawler/commit/c06131a25e1dc30e8d2d00d49b6ad06c4fa0c126,S,,,
https://github.com/schemacrawler/SchemaCrawler/commit/f9505199a28603943954793567b0ea4df1f94a6c,S,,,
https://github.com/schemacrawler/SchemaCrawler/commit/1e6b97de7af17009359d7be11cd7423de8a923e1,UP,,according to clover,
https://github.com/schemacrawler/SchemaCrawler/commit/db226f3cc8b6edf2448c32dce1b05e809398e41d,SD,,,
https://github.com/schemacrawler/SchemaCrawler/commit/360f7f33d873d6bec3843c071bc8a1c38128063f,SD,,,
https://github.com/schemacrawler/SchemaCrawler/commit/53af97a50079409ba0c2dfd2a21e156dda0421ee,UP,,according to clover,
https://github.com/schemacrawler/SchemaCrawler/commit/5955cd0506697c04a6dd60f742a4ca53c2c5d9ae,S,,,
https://github.com/winder/Universal-G-Code-Sender/commit/2ed690e92e3b7fd02a93c2238df67a46db867114,UP,,(patch not covered. https://app.codecov.io/gh/winder/Universal-G-Code-Sender/commit/2ed690e92e3b7fd02a93c2238df67a46db867114),
https://github.com/aws/aws-sdk-java-v2/commit/deeb39708c5b973220ae10203e3fc825b7bf4327,TC,,(could not find test. but patch is covered could not index clover did not run as well),
https://github.com/aws/aws-sdk-java-v2/commit/199b8c948d608acb9c652c2e0f3f9c8ba17fa1ee,TC,,(could not find test. but patch is covered could not index and clover did not run as well),
https://github.com/ctripcorp/x-pipe/commit/a8bfb753cfa7cf990e07d2650109fd5c8b3d4a5e,TC,,(mvn test-compile fails),
https://github.com/apache/iotdb/commit/35541f457afa7e3075893c633bdb1ea8765a399c,S,,,
https://github.com/apache/iotdb/commit/a3559e5e0ebe606a26e9c6f06b6289727a8f81d6,S,,,
https://github.com/apache/iotdb/commit/aba398d5596201644f8b4f6771eb44e758c98a8b,UP,,according to clover,
https://github.com/apache/iotdb/commit/88c3a3e4b2dfcbd4e6569586b5b610bbdebfec85,UP,,according to clover,
https://github.com/apache/iotdb/commit/23b05104dfd1b83d23fbaa0d3e4525d9f12c98a3,OMP,,,
https://github.com/apache/iotdb/commit/e5e4f17f703fa7c8e7623d0a8d3120acb0e89fa6,S,,https://khaes-kth.github.io/PatchExplainer/rq3_commit_analysis/iotdb_e5e4f17f703fa7c8e7623d0a8d3120acb0e89fa6_3.html,
https://github.com/apache/iotdb/commit/c045e6ee8608958c2957bff1ae0132f73d71253d,UP,,according to clover,
https://github.com/apache/iotdb/commit/94657cf836ea6407cfd374f36324333e8194b919,S,,,
https://github.com/apache/iotdb/commit/0b463cc0e715d66e78dced000db61bbd00d10c28,SD,,,
https://github.com/apache/iotdb/commit/ebe05c6e9c41853a43c0ffc91f2020539ca40fa2,UP,,according to clover,
https://github.com/apache/iotdb/commit/eab3a18157b609f721d6249cd390b0e2c3b4216b,SD,,,
https://github.com/apache/iotdb/commit/545a34341d32c5b9e6846529794121c2fcd0da98,UP,,according to clover,
https://github.com/apache/iotdb/commit/15a3202baadc981da4ece0c18699d2bb2067f30f,UP,,according to clover,
https://github.com/apache/iotdb/commit/d7854a6d38fc8e8b23a78601d6e1d728e2380cf4,UP,,according to clover,
https://github.com/apache/iotdb/commit/5faa9da049e304bc519a2b96d47cc78d0bdbb9d1,S,,,
https://github.com/apache/hudi/commit/e788eb2decd4a70266c041e9917af3f16e407fb7,TC,,,
https://github.com/apache/hudi/commit/d0830c81cf272c00f5845454747e8f676b11a8a2,TC,,,
https://github.com/apache/hudi/commit/228b6fe40fab468c8f810ce43db984a01802a403,TC,,,
https://github.com/apache/hudi/commit/27c7efb4efc380360af7a18fc57c0757f852390f,TC,,,
https://github.com/apache/hudi/commit/454f7d37b8d466908690bcf9213fd5497489fb00,TC,,,
https://github.com/apache/hudi/commit/439afa55821df6f7bf6494e27e396e1c1dcaca29,TC,,,
https://github.com/apache/hudi/commit/997200f27f5ad64c11bc7b6dedc01ca4c898c890,TC,,,
https://github.com/apache/pinot/commit/c8d108506d098b6de8017b4226b4a8911ea0d775,NUJ,,(testng),
https://github.com/apache/pinot/commit/f796de43d669a95439ed8f91ef1423bf31bf7b52,NUJ,,,
https://github.com/apache/pinot/commit/5bd49197a73a62bac47863055378420af563471c,NUJ,,,
https://github.com/apache/pinot/commit/8925ee85e9665dcc6cb9f81980211f2dd5765510,NUJ,,,
https://github.com/apache/pinot/commit/22de7d27a460f85b76afac6b9f497eb0a092dabf,NUJ,,,
https://github.com/apache/pinot/commit/d1a71d8518d5bb0c5cffb6046f50c76bd4603270,NUJ,,,
https://github.com/apache/pinot/commit/9bba76f45af49423f0384672475da86e14a7a86c,NUJ,,,
https://github.com/apache/pinot/commit/a5a83aa81bb4e6872edcd891f18168840d36cc9a,NUJ,,,
https://github.com/apache/pinot/commit/6e6e0a4e86918e1b73491ffe0e177745db7645fe,NUJ,,,
https://github.com/apache/pinot/commit/7818167fea7d3581e7f885b0aeeae8c7d1b6a4c0,NUJ,,,
https://github.com/JanusGraph/janusgraph/commit/1943d78985cde823f86d8c48fad604d0219e8d1d,M,,abstract test case not detected by JUnit,
https://github.com/sofastack/sofa-boot/commit/2a7369d568212f4f6ff40f2a8c91e43e5425bef6,UP,,(patch not covered. confirmed: https://app.codecov.io/gh/sofastack/sofa-boot/pull/1008),
https://github.com/hazelcast/hazelcast/commit/a66baec6ff35ad09d78750a5c2ae6320898a9df7,UP,,,
https://github.com/hazelcast/hazelcast/commit/d7d0a32f817759e410b5df36dc053f8514a554d4,UP,,,
https://github.com/hazelcast/hazelcast/commit/c3fb1dcc33f4e42cd93b6e940671f8f5ecfc1665,UP,,,
https://github.com/hazelcast/hazelcast/commit/4fcbac164f071df226332366d6839b1232ed93e0,SMC,,,
https://github.com/hazelcast/hazelcast/commit/3928d6ecf1d34e8a678f775d8274a770b64e8ceb,UP,,,
https://github.com/hazelcast/hazelcast/commit/ebb52af05fc20e5babdda98ccfb721477cea4b1e,SMC,,,
https://github.com/mapstruct/mapstruct/commit/4708f4b2aa1d165b17f8d42586085c2c8d8aaf2a,UP,,(cannot find test; index and clover),
https://github.com/apache/druid/commit/a879d91a2059afb63a29c34577b2009f1c83121f,UP,,(patch not covered. https://app.codecov.io/gh/apache/druid/blob/master/server/src/main/java/org/apache/druid/server/security/UnsecuredResourceFilter.java),
https://github.com/apache/shardingsphere/commit/f8d211524dc871533769871d549b360e7c221ea6,UP,,(patch not covered. confirm by checking out to this commit),
https://github.com/apache/shardingsphere/commit/f6b5a018567fbddf0373edf2c95811fc765dd3fb,UP,,(patch not covered. confirm: https://app.codecov.io/gh/apache/shardingsphere/blob/master/shardingsphere-proxy/shardingsphere-proxy-backend/src/main/java/org/apache/shardingsphere/proxy/backend/handler/transaction/TransactionSetHandler.java),
https://github.com/apache/shardingsphere/commit/0170a81ebf1211a2003f7391307ea56e81e7f5d1,TC,,(no breakpoints/return are encountered),
https://github.com/apache/shardingsphere/commit/4e35795238c27ee885cc247d567c008d6e92de5e,TC,,,
https://github.com/apache/shardingsphere/commit/d8893dd862f1347e86bb17f72eb29d7d6964ac2b,TC,,,
https://github.com/apache/shardingsphere/commit/b75b6f841ce658ddb37def15fa37f5d8ad03ae6c,TC,,,
https://github.com/apache/shardingsphere/commit/91aed71e895707ba4a69d7c5de1d58370ac85950,TC,,,
https://github.com/apache/shardingsphere/commit/9984d6b2caacde7730066aeecd6df493f66eecab,UP,,,
https://github.com/alibaba/nacos/commit/0cf9c24086ac904e350fc53b4b9f44e0f439e318,S,,,java -jar main/target/collector-sahab-0.5.2-SNAPSHOT-jar-with-dependencies.jar -p /home/aman/testrepos/nacos -c naming/src/main/java/com/alibaba/nacos/naming/core/Cluster.java  --slug alibaba/nacos -l a9af1bf -r 0cf9c24 --execution-depth 3  --output-path nacos.html --selected-tests com.alibaba.nacos.naming.core.ClusterTest
https://github.com/alibaba/nacos/commit/aba8819bb679314dffa4777431f5d2631fe054f3,S,169.94 / 288.11,https://khaes-kth.github.io/PatchExplainer/rq3_commit_analysis/nacos_aba8819bb679314dffa4777431f5d2631fe054f3_3_random.html (random),python3 scripts/bribe-sahab.py -p /home/aman/testrepos/nacos -t com.alibaba.nacos.client.config.http.ServerHttpAgentTest -c client/src/main/java/com/alibaba/nacos/client/config/http/ServerHttpAgent.java -l  9819820 -r aba8819bb679314dffa4777431f5d2631fe054f3 --execution-depth=3
https://github.com/alibaba/nacos/commit/ec134a3bc455870904fc1cbd2271dc86c89ec88b,UP,,(patch not covered acc to clover),
https://github.com/alibaba/canal/commit/9d37bb87b75b4f0c584cf2cdbf97a5df3cdc22a2,UP,,(patch not covered: https://app.codecov.io/gh/alibaba/canal/blob/master/instance/manager/src/main/java/com/alibaba/otter/canal/instance/manager/plain/PlainCanalConfigClient.java 5% coverage :P),
https://github.com/apache/dubbo/commit/2ad527e6e96256a9c0d53ba8a953f7d9e649cf03,SMC,,(not a single method. bug in single-method),
https://github.com/apache/dubbo/commit/bb7f942c5dc1649ff8e0be939639280e44c731a7,S,,https://khaes-kth.github.io/PatchExplainer/rq3_commit_analysis/dubbo_bb7f942c5dc1649ff8e0be939639280e44c731a7_0.html,
https://github.com/apache/dubbo/commit/af0d2d2b5858f4ca83f2fc25ccadc6bf7ae50a26,UP,,(patch not covered: clover),
https://github.com/apache/dubbo/commit/c90f8700e217266f899874293aeda7545d50b614,UP,,(patch not covered: clover),
https://github.com/apache/dubbo/commit/e5b1caf583e710f2b7bd8b243b837de01ccdaa7c,SMC,,(bug in MLF. more than 2 members),
https://github.com/apache/dubbo/commit/9ba4fe3ce67053a104d3023db1894ecb180628e6,M,,(patch not covered acc to clover),
https://github.com/apache/dubbo/commit/6254d120c938f3a2a7b59ab373d6e8348ef98bec,M,,(same as above; merge commit),
https://github.com/apache/dubbo/commit/5081fe15b3457faa4dc561aeb58e80a2f892adae,M,,(same as above; merge commit),
https://github.com/apache/dubbo/commit/fabff5720ccc70b80e5812412e38e61e8492aed4,UP,,(same as above; merge commit),
https://github.com/apache/dubbo/commit/5fe66d1c4b48bcdc68ac111990356cc6922f9b72,UP,,(patch not covered: https://app.codecov.io/gh/apache/dubbo/pull/10464),
https://github.com/apache/dubbo/commit/c84b745bb196f51cee304fa80c6821db9ea2d93d,SD,,(no matched lines),
https://github.com/apache/dubbo/commit/6b095f1c68b546c9f0ce72dd91b9c1d2792c60be,S,,random diff,java -jar main/target/collector-sahab-0.5.2-SNAPSHOT-jar-with-dependencies.jar -p /home/aman/testrepos/dubbo -c dubbo-configcenter/dubbo-configcenter-zookeeper/src/main/java/org/apache/dubbo/configcenter/support/zookeeper/ZookeeperDynamicConfiguration.java  --slug apache/dubbo -l 438519c -r 6b095f1c68b546c9f0ce72dd91b9c1d2792c60be --execution-depth 3  --output-path output1_random.html --selected-tests org.apache.dubbo.config.spring.issues.issue9172.MultipleConsumerAndProviderTest --exclude-random-values
https://github.com/apache/dubbo/commit/29e4e4235b3dfdfdd4cd562bdc835bbd779634f4,S,,,java -jar main/target/collector-sahab-0.5.2-SNAPSHOT-jar-with-dependencies.jar -p /home/aman/testrepos/dubbo -c dubbo-config/dubbo-config-spring/src/main/java/org/apache/dubbo/config/spring/context/DubboInfraBeanRegisterPostProcessor.java  --slug apache/dubbo -l  5672148 -r 29e4e42 --execution-depth 3  --output-path output0_random.html --selected-tests org.apache.dubbo.config.spring.ConfigTest::testServiceClass  --exclude-random-values